Name,Association Name,Email
Baroni,Baroni Green Homeowners Association,management1@intempus.net
Hacienda Quito,Hacienda Quito Homeowners Association,management1@intempus.net
High Street Solar,High Street Solar Homeowner Association,management1@intempus.net
"Lewis Road ",LEWIS ROAD INDUSTRIAL CENTER,management1@intempus.net
Montague,Montague Professional Center Owners Association,management1@intempus.net
Oaktops,Oaktops Homeowners Association,management1@intempus.net
Park Bayshore,Park Bayshore Townhomes Association,management1@intempus.net
Rancho Palma Grande,Rancho Palma Grande Homeowners Association,management1@intempus.net
Villa Tuscana,Villa Tuscana Owners Association,management1@intempus.net
235 Main St,Two Thirty Five Main Street Office Condominium Association,management2@intempus.net
Bay Ridge,"Bay Ridge Heights Condominium Homeowners Association, Inc",management2@intempus.net
Bluebird,Bluebird Lane Homeowners Association,management2@intempus.net
Cherry Orchard,Cherry Orchard Homes Of Santa Clara Owners Assoc,management2@intempus.net
Gladys Villa,Gladys Villa Condominium Association,management2@intempus.net
The Grove Liberty Hall,The Grove Liberty Hall Lane Hoa,management2@intempus.net
Lee's Orchard,Lees Orchard Association,management2@intempus.net
Saratoga Vineyard,Saratoga Vineyards,management2@intempus.net
Shady Hollow,Shady Hollow Owners Association,management2@intempus.net
Vista Gardens,Vista Gardens Homeowners Association,management2@intempus.net
Wika Ranch,Wika Ranch Homeowners,management2@intempus.net
AC I,Almaden Crossing Community Corporation,management3@intempus.net
AC II,Almaden Crossing II Maintenance Corporation,management3@intempus.net
Bundy,Bundy Avenue III Of San Jose Owners Association,management3@intempus.net
Deerfield,San Jose - Deerfield Homeowners Association,management3@intempus.net
E-state at Nuevo,E-States at Nuevo Homeowners Association,management3@intempus.net
Heritage Park,Heritage Park Townhomes Association,management3@intempus.net
Llagas Creek,Llagas Creek Villas Association,management3@intempus.net
Payne,Payne Homeowners Association,management3@intempus.net
Townhomes At Nuevo,Townhomes at Nuevo Homeowners Association,management3@intempus.net
Vietnam Town,Vietnam Town Condominium Owners Association,management3@intempus.net
788 Minna Street,788 Minna Street,management4@intempus.net
Bella Vista,Bella Vista of Los Gatos Homeowners Association,management4@intempus.net
Kentfield Pacific Place,Kentfield Pacific Place,management4@intempus.net
Lorena Circle,Lorena Circle Homeowners Association,management4@intempus.net
Monta Vista,Monta Vista Woods Inc.,management4@intempus.net
Palmita Place,Palmita Place Street Maintenance,management4@intempus.net
Windemere,Windemere Gardens Homeowners Association,management4@intempus.net
